prestige-shantiniketan,s6yjsx,2873,August
song-of-the-south,490g86,2489,August
ark-cloud-city,22pl09,1969,August
sobha-dream-acres,de2hwa,1708,August
adarsh-palm-retreat,u9a97x,1513,August
l-&-t-south-city,18nt1q,1477,August
godrej-united,bzkap6,1461,August
sobha-city,agkmna,1433,August
purva-riviera,zr1m4d,1317,August
godrej-e-city,kxb7dd,1291,August
prestige-sunrise-park,1nryav,1267,August
salarpuria-greenage,a2hcxa,1235,August
prestige-lakeside-habitat,4d7b35,1169,August
kolte-patil-mirabilis,lbhx8j,1160,August
prestige-tranquility,1rjjij,1159,August
rolling-whites,zu5olb,1157,August
common-wealth,e82x1w,1149,August
prestige-ferns-residency,x34tcd,1120,August
nandaavana-the-exotic,03bltv,1101,August
dlf-new-town-westend-heights,1u9cjd,1094,August
ajmera-infinity,sxnzcc,1090,August
sobha-city,agkmna,1082,August
hiranandani-queensgate,iufi2p,1078,August
sowparnika-sanvi,tqe5rr,1073,August
honey-pool,0yb0no,1066,August
nikoo-homes,kvgpxd,1046,August
sobha-dream-acres,de2hwa,1041,August
raj-serenity,5gce0c,1038,August
sipani-bliss,l14krg,1013,August
hiranandani-glen-classic,2rlrz0,1000,August
natures-habitat,jfau8x,991,August
alchemy-urban-forest,vtf07k,967,August
the-empyrean,d6a82a,954,August
isha-misty-green,gplf19,941,August
the-villagio,wc1id2,934,August
brigade-lakefront,ealt72,928,August
mj-amadeus,rkgecd,918,August
suncity-apartments,hhmz44,912,August
hiranandani-devanahalli,kyort8,911,August
brigade-metropolis,r19hog,883,August
peninsula-solitaire,k9bz9e,880,August
ozone-evergreens,fjwln4,879,August
prestige-sunnyside,ki74ju,865,August
skylark-ithaca,s5ki1j,847,August
diamond-district,g5qhb5,834,August
millennium-valley-villa,wgtf9r,833,August
geown-oasis,ft0rr2,831,August
mahaveer-palatium,tawy95,829,August
arvind-sporcia,xvzyi8,820,August
sjr-watermark,nx8v5a,814,August
ark-cloud-city,22pl09,2506,October
prestige-shantiniketan,s6yjsx,2283,October
sobha-dream-acres,de2hwa,1874,October
l-&-t-south-city,18nt1q,1420,October
adarsh-palm-retreat,u9a97x,1384,October
mahaveer-palatium,tawy95,1308,October
godrej-e-city,kxb7dd,1271,October
mj-amadeus,rkgecd,1223,October
nandaavana-the-exotic,03bltv,1188,October
common-wealth,e82x1w,1151,October
salarpuria-greenage,a2hcxa,1113,October
nikoo-homes,kvgpxd,1105,October
pursuit-of-a-radical-rhapsody,uvzci7,1066,October
arvind-sporcia,xvzyi8,1007,October
brigade-lakefront,ealt72,1004,October
purva-riviera,zr1m4d,1003,October
sobha-city,agkmna,992,October
prestige-tranquility,1rjjij,983,October
brigade-gateway-enclave,c2cyoy,968,October
ajmera-infinity,sxnzcc,966,October
asset-elvira,zrsx6m,942,October
brigade-meadows,1hcmnq,936,October
sv-brindhavanam,fvs5rt,929,October
sipani-bliss,l14krg,926,October
common-wealth,e82x1w,920,October
hiranandani-glen-classic,2rlrz0,917,October
prestige-sunrise-park,1nryav,908,October
prestige-lakeside-habitat,4d7b35,877,October
alchemy-urban-forest,vtf07k,872,October
brigade-metropolis,r19hog,863,October
splendid-royale,tybzmb,859,October
srk-the-villagio,wc1id2,857,October
millennium-valley-villa,wgtf9r,849,October
prestige-ferns-residency,x34tcd,843,October
song-of-the-south,490g86,839,October
bren-imperia,x1zf1w,835,October
dlf-new-town-westend-heights,1u9cjd,822,October
sekhar-hyde-park,1udqi2,822,October
hiranandani-queensgate,iufi2p,813,October
raj-serenity,5gce0c,798,October
suncity-apartments,hhmz44,781,October
kolte-patil-mirabilis,lbhx8j,780,October
orchid-woods,5ls14a,768,October
sjr-avalon,bxkg9m,764,October
elita-promenade,ynev4m,763,October
brigade-begonia,n38efz,756,October
hiranandani-devanahalli,kyort8,753,October
icon-sanctuary,4jm5wy,748,October
prestige-sunnyside,ki74ju,730,October
diamond-district,g5qhb5,728,October
prestige-shantiniketan,s6yjsx,2481,September
sobha-dream-acres,de2hwa,2341,September
ark-cloud-city,22pl09,1919,September
common-wealth,e82x1w,1634,September
adarsh-palm-retreat,u9a97x,1419,September
godrej-e-city,kxb7dd,1384,September
common-wealth,e82x1w,1380,September
l-&-t-south-city,18nt1q,1336,September
song-of-the-south,490g86,1251,September
prestige-tranquility,1rjjij,1215,September
purva-riviera,zr1m4d,1119,September
hiranandani-glen-classic,2rlrz0,1115,September
pursuit-of-a-radical-rhapsody,uvzci7,1103,September
rolling-whites,zu5olb,1102,September
mj-amadeus,rkgecd,1086,September
brigade-lakefront,ealt72,1064,September
prestige-lakeside-habitat,4d7b35,1051,September
arvind-sporcia,xvzyi8,1044,September
alchemy-urban-forest,vtf07k,1042,September
sobha-city,agkmna,1041,September
prestige-sunrise-park,1nryav,1032,September
brigade-metropolis,r19hog,994,September
salarpuria-greenage,a2hcxa,993,September
prestige-sunnyside,ki74ju,964,September
sipani-bliss,l14krg,951,September
ajmera-infinity,sxnzcc,943,September
diamond-district,g5qhb5,930,September
prestige-ferns-residency,x34tcd,927,September
provident-welworth-city,nm6x8k,910,September
dlf-new-town-westend-heights,1u9cjd,905,September
kolte-patil-mirabilis,lbhx8j,904,September
isha-misty-green,gplf19,890,September
mahaveer-palatium,tawy95,885,September
icon-sanctuary,4jm5wy,876,September
sekhar-hyde-park,1udqi2,872,September
the-empyrean,d6a82a,869,September
brigade-gateway-enclave,c2cyoy,867,September
hiranandani-queensgate,iufi2p,866,September
tata-new-haven,fmeb8y,866,September
gm-infinite-e-city-town-phase-2,kq9tjm,862,September
millennium-valley-villa,wgtf9r,855,September
elita-promenade,ynev4m,853,September
hiranandani-devanahalli,kyort8,842,September
skylark-ithaca,s5ki1j,838,September
sjr-avalon,bxkg9m,836,September
trifecta-esplanade,nciuyr,836,September
suncity-apartments,hhmz44,834,September
sjr-watermark,nx8v5a,827,September
parkway-homes,1h767t,807,September
raj-serenity,5gce0c,806,September