Page	Page Views	Count	Month
prestige-shantiniketan-bangalore	povp-s6yjsx	2481	September
sobha-dream-acres-bangalore	povp-de2hwa	2341	September
ark-cloud-city-bangalore	povp-22pl09	1919	September
common-wealth-bangalore	povp-e82x1w?f=fb_pd	1634	September
adarsh-palm-retreat-bangalore	povp-u9a97x	1419	September
godrej-e-city-bangalore	povp-kxb7dd	1384	September
common-wealth-bangalore	povp-e82x1w	1380	September
l-&-t-south-city-bangalore	povp-18nt1q	1336	September
song-of-the-south-bangalore	povp-490g86	1251	September
prestige-tranquility-bangalore	povp-1rjjij	1215	September
purva-riviera-bangalore	povp-zr1m4d	1119	September
hiranandani-glen-classic-bangalore	povp-2rlrz0	1115	September
pursuit-of-a-radical-rhapsody-bangalore	povp-uvzci7	1103	September
rolling-whites-bangalore	povp-zu5olb	1102	September
mj-amadeus-bangalore	povp-rkgecd	1086	September
brigade-lakefront-bangalore	povp-ealt72	1064	September
prestige-lakeside-habitat-bangalore	povp-4d7b35	1051	September
arvind-sporcia-bangalore	povp-xvzyi8	1044	September
alchemy-urban-forest-bangalore	povp-vtf07k	1042	September
sobha-city-bangalore	povp-agkmna	1041	September
prestige-sunrise-park-bangalore	povp-1nryav	1032	September
brigade-metropolis-bangalore	povp-r19hog	994	September
salarpuria-greenage-bangalore	povp-a2hcxa	993	September
prestige-sunnyside-bangalore	povp-ki74ju	964	September
sipani-bliss-bangalore	povp-l14krg	951	September
ajmera-infinity-bangalore	povp-sxnzcc	943	September
diamond-district-bangalore	povp-g5qhb5	930	September
prestige-ferns-residency-bangalore	povp-x34tcd	927	September
provident-welworth-city-bangalore	povp-nm6x8k	910	September
dlf-new-town-westend-heights-bangalore	povp-1u9cjd	905	September
kolte-patil-mirabilis-bangalore	povp-lbhx8j	904	September
isha-misty-green-bangalore	povp-gplf19	890	September
mahaveer-palatium-bangalore	povp-tawy95	885	September
icon-sanctuary-bangalore	povp-4jm5wy	876	September
sekhar-hyde-park-bangalore	povp-1udqi2	872	September
the-empyrean-bangalore	povp-d6a82a	869	September
brigade-gateway-enclave-bangalore	povp-c2cyoy	867	September
hiranandani-queensgate-bangalore	povp-iufi2p	866	September
tata-new-haven-bangalore	povp-fmeb8y	866	September
gm-infinite-e-city-town-phase-2-bangalore	povp-kq9tjm	862	September
millennium-valley-villa-bangalore	povp-wgtf9r	855	September
elita-promenade-bangalore	povp-ynev4m	853	September
hiranandani-devanahalli-bangalore	povp-kyort8	842	September
skylark-ithaca-bangalore	povp-s5ki1j	838	September
sjr-avalon-bangalore	povp-bxkg9m	836	September
trifecta-esplanade-bangalore	povp-nciuyr	836	September
suncity-apartments-bangalore	povp-hhmz44	834	September
sjr-watermark-bangalore	povp-nx8v5a	827	September
parkway-homes-bangalore	povp-1h767t	807	September
raj-serenity-bangalore	povp-5gce0c	806	September
